create table TBL_PRODUCT_01 (
product_id number(10) NOT NULL,
name varchar2(40),
price number(10),
category_id number(10) NOT NULL,
PRIMARY KEY (product_id)
);

create table TBL_SALE_01(
sale_id number(10) NOT NULL,
product_id number(10) NOT NULL,
purchase_date date NOT NULL,
sale_price number(10) NOT NULL,
amount number(5) NOT NULL,
PRIMARY KEY (sale_id)
);

create table TBL_CATEGORY_01 (
category_id number(10) NOT NULL,
name varchar2(20),
PRIMARY KEY (category_id));


INSERT INTO TBL_PRODUCT_01 VALUES('1','컴퓨터','1000000','1');
INSERT INTO TBL_PRODUCT_01 VALUES('2','태블릿 PC','800000','1');
INSERT INTO TBL_PRODUCT_01 VALUES('3','핸드폰','1200000','1');
INSERT INTO TBL_PRODUCT_01 VALUES('4','헤드셋','80000','1');
INSERT INTO TBL_PRODUCT_01 VALUES('5','무선 이어폰','210000','1');
INSERT INTO TBL_PRODUCT_01 VALUES('6','책상','160000','2');
INSERT INTO TBL_PRODUCT_01 VALUES('7','의자','90000','2');
INSERT INTO TBL_PRODUCT_01 VALUES('8','소고기','12000','3');
INSERT INTO TBL_PRODUCT_01 VALUES('9','티셔츠','58000','4');

INSERT INTO TBL_CATEGORY_01 VALUES('1','전자제품');
INSERT INTO TBL_CATEGORY_01 VALUES('2','가구');
INSERT INTO TBL_CATEGORY_01 VALUES('3','식품');
INSERT INTO TBL_CATEGORY_01 VALUES('4','의류');

INSERT INTO TBL_SALE_01 VALUES('1','1','20200101','1000000','1');
INSERT INTO TBL_SALE_01 VALUES('2','2','20200101','1600000','2');
INSERT INTO TBL_SALE_01 VALUES('3','1','20200101','2000000','2');
INSERT INTO TBL_SALE_01 VALUES('4','4','20200102','240000','3');
INSERT INTO TBL_SALE_01 VALUES('5','5','20200104','210000','1');
INSERT INTO TBL_SALE_01 VALUES('6','6','20200106','320000','2');
INSERT INTO TBL_SALE_01 VALUES('7','7','20200111','360000','4');
INSERT INTO TBL_SALE_01 VALUES('8','8','20200115','60000','5');
INSERT INTO TBL_SALE_01 VALUES('9','9','20200117','58000','1');
INSERT INTO TBL_SALE_01 VALUES('10','9','20200120','580000','10');
INSERT INTO TBL_SALE_01 VALUES('11','2','20200121','1600000','2');
INSERT INTO TBL_SALE_01 VALUES('12','1','20200122','1000000','1');
INSERT INTO TBL_SALE_01 VALUES('13','4','20200124','80000','1');
INSERT INTO TBL_SALE_01 VALUES('14','5','20200126','210000','1');
INSERT INTO TBL_SALE_01 VALUES('15','6','20200129','160000','1');